icao24,registration,typecode,age,airline
80172d,VT-IXO,A20N,Oct 2024,IGO
0d0ce0,XA-VRR,A20N,Nov 2020,VOI
800cc7,VT-EXN,A20N,Dec 2018,AIC
e49aaa,PR-XBO,A20N,Jul 2023,TAM
75876b,RP-C4267,A20N,Oct 2021,CEB
40756d,G-UZHO,A20N,Sep 2018,EZY
80149c,VT-IIL,A20N,Nov 2021,IGO
4b1812,HB-JDA,A20N,Feb 2020,SWR
80161a,VT-IQK,A20N,,IGO
4bb859,TC-NBY,A20N,Jul 2018,PGT
34608e,EC-NAY,A20N,Nov 2018,IBE
706213,9K-CBC,A20N,Nov 2019,JZR
46b8b6,SX-NEV,A20N,Mar 2025,AEE
a37a02,N323FR,A20N,Nov 2017,FFT
39de4f,F-HXSP,A20N,,TVF
801627,VT-RTG,A20N,,AXB
01023c,SU-BUT,A20N,,MSC
40756a,G-UZHK,A20N,Aug 2018,EZY
800b73,VT-ITB,A20N,Sep 2015,IGO
4cacb5,EI-SIB,A20N,Dec 2017,SAS
801663,VT-IQU,A20N,,IGO
4acb45,SE-RZE,A20N,,SAS
407567,G-UZHM,A20N,Sep 2018,EZY
4cac79,EI-SIJ,A20N,Jan 2022,SAS
3c55c6,D-AENF,A20N,Jul 2022,EWG
44cc44,OO-SBD,A20N,May 2024,BEL
801470,VT-IIF,A20N,Aug 2021,IGO
39de46,F-HXSG,A20N,Aug 2024,TVF
880c47,HS-CBG,A20N,Jan 2018,AIQ
0d0d36,XA-VRY,A20N,May 2021,VOI
46a5e7,SX-IOG,A20N,Oct 2020,SEH
80152f,VT-IPF,A20N,,IGO
800c12,VT-ITV,A20N,Nov 2016,IGO
a70151,N550VL,A20N,,VOI
8016a3,VT-IXD,A20N,,IGO
801596,VT-IPQ,A20N,,IGO
781842,B-30CN,A20N,Dec 2019,CQH
4b181a,HB-JDI,A20N,,SWR
e80615,CC-AWV,A20N,Oct 2022,JEC
4cad7f,EI-NSF,A20N,,EIN
8015ce,VT-IPW,A20N,,IGO
3c6549,D-AIJI,A20N,Jan 2023,LHX
89409c,A9C-TE,A20N,Nov 2019,GFA
800db0,VT-TNM,A20N,Nov 2019,AIC
801560,VT-IPM,A20N,,IGO
70606e,9K-AKS,A20N,,KAC
7705c2,4R-ANB,A20N,Mar 2017,ALK
468d07,SX-CHG,A20N,Apr 2020,SEH
346147,EC-NCM,A20N,Mar 2019,IBE
80149a,VT-IIK,A20N,Oct 2021,IGO
781d39,B-327Y,A20N,Dec 2021,CES
801726,VT-IXN,A20N,Sep 2024,IGO
0d0de6,XA-VSJ,A20N,Jun 2020,VOI
4ac9f0,SE-ROP,A20N,Aug 2018,SAS
8014f7,VT-IIY,A20N,Jul 2022,IGO
8014bc,VT-IIR,A20N,Dec 2021,IGO
781842,B-30CN,A20N,Dec 2019,CQH
4d24ba,9H-NEE,A20N,,KMM
4acaa1,SE-RUA,A20N,Jun 2020,SAS
01024d,SU-BUZ,A20N,Sep 2022,MSC
4073a1,G-UZHD,A20N,,EZY
801458,VT-ISW,A20N,Jun 2021,IGO
4cadee,EI-HON,A20N,,ITY
e8061c,CC-DIG,A20N,Jan 2024,JAP
75876b,RP-C4267,A20N,Oct 2021,CEB
440c33,OE-LSK,A20N,Oct 2019,EJU
440073,OE-LSU,A20N,Mar 2024,EJU
add3d9,N990NK,A20N,Feb 2024,NKS
e49ec9,PR-YSR,A20N,,AZU
75876b,RP-C4267,A20N,Oct 2021,CEB
46b8b3,SX-NES,A20N,Apr 2024,AEE
4b0274,HB-AYE,A20N,,EZS
c827b1,ZK-NHC,A20N,Mar 2019,ANZ
4acb58,SE-RZX,A20N,Aug 2023,SAS
3c786b,D-ANCK,A20N,Apr 2025,CFG
4ac9ec,SE-ROL,A20N,Jan 2020,SAS
801527,VT-IPD,A20N,,IGO
800c38,VT-ITX,A20N,Mar 2017,IGO
e49697,PR-XBG,A20N,Dec 2023,TAM
3c654d,D-AIJM,A20N,Jul 2023,LHX
c82953,ZK-NHF,A20N,Oct 2021,ANZ
346499,EC-NJY,A20N,Aug 2020,IBE
4ac9f5,SE-ROU,A20N,Dec 2019,SAS
800d2d,VT-IZF,A20N,Nov 2018,IGO
4075fd,G-TTNH,A20N,Jan 2019,BAW
781931,B-30ES,A20N,Mar 2020,CES
4caeb6,EI-KIB,A20N,Jul 2024,KZR
710dc1,HZ-NS29,A20N,Jul 2020,KNE
e80047,CC-DBN,A20N,Nov 2024,VIV
4bb849,TC-NBI,A20N,Dec 2016,PGT
750440,9M-AGG,A20N,Jul 2017,AXM
0ac9ee,HK-5367,A20N,May 2021,AVA
4952c7,CS-TVG,A20N,Nov 2019,TAP
7821c1,B-32JF,A20N,,CGZ
0ac9f0,HK-5365,A20N,Mar 2021,AVA
407796,G-UZLD,A20N,Jun 2019,EZY
7817a5,B-30AD,A20N,Jul 2019,CQH
801495,VT-TQG,A20N,Jul 2021,AIC
706131,9K-CBJ,A20N,,JZR
744821,JY-RAA,A20N,Oct 2024,RJA
a6f23d,N547DE,A21N,,DAL
801745,VT-IWS,A21N,,IGO
8991d4,B-58206,A21N,Oct 2021,SJX
407b8b,G-WUKP,A21N,Mar 2021,WUK
407fc2,G-WUKV,A21N,Sep 2023,WUK
789294,B-KKJ,A21N,Sep 2024,HKE
4d2453,9H-WBI,A21N,Jul 2022,WZZ
4bb26b,TC-LSK,A21N,Oct 2019,THY
40812d,G-UZMK,A21N,,EZY
80180c,VT-NCV,A21N,Aug 2025,IGO
407b54,G-WUKM,A21N,,WUK
789265,B-HPO,A21N,Jan 2023,CPA
78927f,B-KKC,A21N,,HKE
7c4a4f,VH-OYP,A21N,Jan 2024,JST
4d2534,9H-WNH,A21N,,WZZ
0d0e04,XA-VSB,A21N,Mar 2022,VOI
801405,VT-ILC,A21N,Nov 2020,IGO
7c47ac,VH-OFY,A21N,Jul 2023,JST
3c64ab,D-AIEK,A21N,Jul 2021,DLH
a9737c,N708NK,A21N,Sep 2023,NKS
4075fe,G-NEOS,A21N,Jan 2019,BAW
4bc88e,TC-RDN,A21N,,PGT
71c357,HL8357,A21N,Oct 2021,ABL
8016bc,VT-ICX,A21N,,IGO
4867c4,PH-AXI,A21N,,KLM
a1bc92,N2105J,A21N,,JBU
4bc8cb,TC-RFK,A21N,Nov 2024,PGT
4bc8ce,TC-RFN,A21N,,PGT
4d2064,9H-XLA,A21N,Apr 2025,WMT
408260,G-SUNV,A21N,Aug 2025,EXS
a7a532,N592DT,A21N,,DAL
e8062c,CC-DIS,A21N,Mar 2025,JES
a6e720,N544DN,A21N,Oct 2023,DAL
46b823,SX-NAC,A21N,Nov 2020,AEE
a5502b,N441UW,A21N,Nov 2021,AAL
3c1cd9,D-AZYA,A21N,,AIB
471db5,HA-LGN,A21N,Jun 2024,WZZ
4075ff,G-NEOR,A21N,Nov 2018,BAW
4d241c,9H-WAG,A21N,Mar 2021,WZZ
801788,VT-NCG,A21N,Mar 2025,IGO
789290,B-HPR,A21N,,CPA
781e30,B-32AW,A21N,Feb 2023,CSC
e8062c,CC-DIS,A21N,Mar 2025,JES
4bb2b0,TC-LUP,A21N,May 2023,THY
4bb213,TC-LPS,A21N,Aug 2025,THY
4d20b1,9H-WMG,A21N,,WZZ
8014dd,VT-TVE,A21N,May 2022,AIC
781f5a,B-32E9,A21N,Feb 2023,CQH
71c356,HL8356,A21N,,AAR
4bb26f,TC-LSO,A21N,Dec 2019,THY
801778,VT-NCE,A21N,,IGO
4bb212,TC-LPR,A21N,,THY
801746,VT-ICZ,A21N,Nov 2024,IGO
407837,G-UZMG,A21N,Nov 2019,EZY
471f9e,HA-LZI,A21N,Nov 2021,WZZ
7586b0,RP-C4126,A21N,Apr 2021,CEB
4bc88d,TC-RDM,A21N,,PGT
801768,VT-NCF,A21N,,IGO
80148d,VT-ILY,A21N,Nov 2021,IGO
781862,B-30D9,A21N,Jan 2020,CCA
71c556,HL8556,A21N,Nov 2023,KAL
a4df52,N413AN,A21N,,AAL
a7fa70,N613FR,A21N,Jan 2023,FFT
4bb281,TC-LTA,A21N,Oct 2020,THY
471dbe,HA-LGW,A21N,,WMT
a5ac3b,N465AN,A21N,Dec 2022,AAL
4bc88b,TC-RDK,A21N,Dec 2023,PGT
a4dd65,N412UW,A21N,Nov 2019,AAL
46b831,SX-NAQ,A21N,,AEE
a0b848,N14548,A21N,Sep 2025,UAL
789296,B-KKM,A21N,,HKE
a6f23d,N547DE,A21N,,DAL
8881d7,VN-A526,A21N,,VJC
408213,G-HLYJ,A21N,,EXS
a6bbef,N533DT,A21N,,DAL
76b869,9V-NCI,A21N,Jan 2020,TGW
4bb204,TC-LPD,A21N,Apr 2024,THY
49530c,CS-TXL,A21N,Jan 2023,TAP
801445,VT-ILR,A21N,Aug 2021,IGO
a97d43,N710NK,A21N,,NKS
4bc8c5,TC-RFE,A21N,Sep 2024,PGT
4bc8c1,TC-RFA,A21N,,PGT
a69bcd,N525DA,A21N,Jun 2023,DAL
407ff4,G-WUKZ,A21N,Oct 2023,WUK
7821fc,B-32KT,A21N,,CES
801744,VT-ICH,A21N,,IGO
80174b,VT-NCA,A21N,Dec 2024,IGO
4bc88b,TC-RDK,A21N,Dec 2023,PGT
471db3,HA-LGL,A21N,,WMT
a1cf6b,N2157J,A21N,Aug 2023,JBU
7609e4,AP-BOD,A21N,Sep 2020,ABQ
4bb274,TC-LST,A21N,Apr 2020,THY
471f41,HA-LVT,A21N,Jul 2021,WMT
4d208e,9H-WMC,A21N,,WZZ
4d2423,9H-WAO,A21N,Jul 2020,WZZ
789266,B-HPP,A21N,Mar 2023,CPA
3c64ac,D-AIEL,A21N,Oct 2021,DLH
a67f81,N518DQ,A21N,Dec 2022,DAL
80175a,VT-IWU,A21N,Jan 2025,IGO
471f3d,HA-LVP,A21N,,WZZ
40087a,G-EUPK,A319,May 2000,BAW
a3d4c6,N346NB,A319,Aug 2002,DAL
4ba996,TC-JLV,A319,Jun 2011,THY
ac4e85,N892UA,A319,Nov 2006,UAL
44033e,OE-LQA,A319,Feb 2009,EJU
44ce6a,OO-SSJ,A319,Jun 2002,BEL
400879,G-EUPJ,A319,Apr 2000,BAW
e80258,CC-CPF,A319,Jul 2006,LPE
44061b,OE-LKK,A319,Feb 2008,EJU
ac7658,N9018E,A319,Jun 2014,AAL
a3b0fe,N337NB,A319,Feb 2002,DAL
a396fd,N330NB,A319,Jul 2001,DAL
a423c4,N366NB,A319,Jul 2003,DAL
ab3655,N821UA,A319,Dec 1998,UAL
c05bc6,C-GITP,A319,Jul 2001,ROU
a37335,N321NB,A319,Jan 2001,DAL
3c5ee7,D-AGWG,A319,Jun 2007,EWG
44064a,OE-LQL,A319,Jan 2009,EJU
7cae03,VH-8NP,A319,Apr 2005,NWK
7806c3,B-6417,A319,Nov 2010,CBJ
3c6597,D-AILW,A319,Jun 1998,DLH
40653e,G-EZGO,A319,Jun 2011,EZY
40087a,G-EUPK,A319,May 2000,BAW
4d2410,9H-EXS,A319,,EWG
ab5dd4,N831UA,A319,Jul 2000,UAL
3c5ef5,D-AGWU,A319,Jan 2013,EWG
440c32,OE-LKV,A319,Jul 2011,EJU
498422,2801,A319,,CEF
4d2411,9H-EXT,A319,,EWG
3c6585,D-AILE,A319,Nov 1996,DLH
704020,XY-ALZ,A319,Sep 2009,MMA
3461cf,EC-NDH,A319,Feb 2008,VOE
40093e,G-EUOE,A319,Aug 2001,BAW
3c658d,D-AILM,A319,Jun 1997,DLH
ac7658,N9018E,A319,Jun 2014,AAL
aa64ca,N769US,A319,Nov 2000,AAL
4ca8f0,EI-IMO,A319,Jun 2002,ITY
3946e5,F-GRXF,A319,Mar 2003,AFR
44061b,OE-LKK,A319,Feb 2008,EJU
e485b2,PT-TME,A319,Jul 2010,TAM
406446,G-EZGI,A319,Jan 2011,EZY
406319,G-EZFU,A319,Jan 2010,EZY
4008f1,G-EUPW,A319,Feb 2001,BAW
e4894e,PT-TMG,A319,Jun 2011,TAM
e48198,PR-MBU,A319,Jul 2008,TAM
4ca8f0,EI-IMO,A319,Jun 2002,ITY
440172,OE-LQX,A319,Aug 2008,EJU
3c5eea,D-AGWJ,A319,Feb 2008,EWG
44ce6f,OO-SSO,A319,Aug 2004,BEL
3c6597,D-AILW,A319,Jun 1998,DLH
8840f9,HS-PGY,A319,Mar 2008,BKP
44ce75,OO-SSU,A319,Apr 2004,BEL
aa3994,N758US,A319,Oct 2000,AAL
680009,A5-DOR,A319,Feb 2010,BTN
3c5eeb,D-AGWK,A319,Apr 2008,EWG
4ca8f4,EI-IMB,A319,Aug 2003,ITY
a423c4,N366NB,A319,Jul 2003,DAL
405b67,G-EZDN,A319,Jul 2008,EZY
405637,G-EZDI,A319,May 2008,EZY
4ba995,TC-JLU,A319,Apr 2011,THY
346193,EC-NCB,A319,Sep 2003,VOE
4d2411,9H-EXT,A319,,EWG
406539,G-EZGJ,A319,Jan 2011,EZY
4caaa7,EI-IMV,A319,Jan 2013,ITY
e48950,PR-MYL,A319,May 2011,TAM
4c01e3,YU-APD,A319,Oct 2004,ASL
884206,HS-PPF,A319,Dec 2005,BKP
405637,G-EZDI,A319,May 2008,EZY
e4894e,PT-TMG,A319,Jun 2011,TAM
3c658d,D-AILM,A319,Jun 1997,DLH
3c644b,D-AIBK,A319,Feb 2004,DLH
4ba995,TC-JLU,A319,Apr 2011,THY
a3a5d9,N334NB,A319,Dec 2001,DAL
ac033e,N873UA,A319,Jun 2003,UAL
40093f,G-EUOG,A319,Sep 2001,BAW
3c6584,D-AILD,A319,Sep 1996,DLH
ace81d,N93003,A319,Jul 2013,AAL
aaf27c,N804UA,A319,Nov 1997,UAL
a3b4b5,N338NB,A319,Feb 2002,DAL
aa35e1,N757UW,A319,Sep 2000,AAL
4ba994,TC-JLT,A319,Apr 2011,THY
406445,G-EZGH,A319,Jan 2011,EZY
400877,G-EUPG,A319,Apr 2000,BAW
ab6394,N833AW,A319,Oct 2002,AAL
405636,G-EZDH,A319,Apr 2008,EZY
4caaa8,EI-IMW,A319,Nov 2012,ITY
ab19fb,N814UA,A319,Jul 1998,UAL
3c644c,D-AIBL,A319,Jan 2004,DLH
4a0441,YR-ABA,A319,Feb 2007,BTI
44061b,OE-LKK,A319,Feb 2008,EJU
ab7067,N836UA,A319,Mar 2001,UAL
a71980,N557AV,A319,Feb 2012,AVA
501d18,9A-CTG,A319,Jan 1998,CTN
3c6451,D-AIBQ,A319,Dec 2005,DLH
e49314,PT-TMO,A319,Jan 2011,TAM
440c32,OE-LKV,A319,Jul 2011,EJU
345659,EC-MUC,A319,Feb 2004,VOE
e8020c,CC-CQL,A319,Sep 2006,LPE
34324e,EC-KUB,A319,Sep 2008,IBE
780574,B-6248,A319,May 2009,CQN
78091b,B-6945,A320,Nov 2012,CSN
4d22b5,9H-LON,A320,Feb 2007,RYR
346614,EC-NOS,A320,Sep 2009,VOE
406011,G-EZTG,A320,Jun 2009,EZY
748026,OD-MRL,A320,Jan 2012,MEA
880c4d,HS-CBM,A320,,AIQ
406c71,G-EZOA,A320,Dec 2014,EZY
3c4b45,D-ABZE,A320,Mar 2008,EWG
347601,EC-ODN,A320,,VLG
7c6c90,VH-VQA,A320,Jan 2009,JST
8a09a7,PK-BLB,A320,Sep 2016,BTK
406091,G-EUYE,A320,May 2009,SHT
a8a6d0,N657AW,A320,Sep 1999,AAL
a71ded,N558JB,A320,Dec 2002,JBU
a418b2,N363NW,A320,Nov 1998,DAL
88084f,HS-BBO,A320,Aug 2014,AIQ
4d245c,9H-WZR,A320,,WZZ
e491f0,PR-TYQ,A320,Oct 2015,TAM
3c6473,D-AICS,A320,Oct 2010,CFG
8a0441,PK-AZI,A320,Jun 2012,AWQ
344648,EC-MDK,A320,Oct 2014,IBE
aa4d77,N763JB,A320,Nov 2008,JBU
4b1616,HB-IJM,A320,Oct 1996,SWR
4b18f1,HB-JLP,A320,Feb 2011,EDW
73828b,4X-ABY,A320,Jan 2007,ISR
4d253b,9H-EUQ,A320,,EWG
8013ca,VT-VNS,A320,Jun 2014,AXB
3c56f7,D-AEWW,A320,Mar 2017,EWG
86d5e5,JA823P,A320,Nov 2018,APJ
a43c7a,N372NW,A320,Oct 2001,DAL
0d0a26,XA-VRA,A320,Dec 2016,VOI
780653,B-6670,A320,Apr 2010,CBG
8007ce,VT-IFR,A320,Jul 2013,IGO
88084f,HS-BBO,A320,Aug 2014,AIQ
896398,A6-EIW,A320,Dec 2013,ETD
78066e,B-6678,A320,Jul 2010,CSN
a5b1a8,N466UA,A320,Oct 2000,UAL
e8043e,CC-BFA,A320,Aug 2012,ARE
471f55,HA-LWN,A320,Mar 2012,WMT
880844,HS-BBD,A320,Apr 2013,AIQ
a8a319,N656AW,A320,Aug 1999,AAL
ab355c,N821JB,A320,Dec 2012,JBU
347258,EC-NTU,A320,Jan 2014,VOE
a1a21f,N204NV,A320,May 2012,AAY
88084a,HS-BBJ,A320,Oct 2013,AIQ
01026b,SU-SKE,A320,Dec 2008,SVI
4520aa,LZ-FBG,A320,Feb 2014,CFG
75047c,9M-RAA,A320,Apr 2018,AXM
06a094,A7-AHJ,A320,Jul 2011,QTR
76d255,9V-TRU,A320,Dec 2012,TGW
4ca900,EI-EID,A320,Nov 2010,ITY
44022b,OE-LXB,A320,Apr 2008,AUA
4691c3,SX-DNC,A320,Jan 2016,AEE
73828a,4X-ABX,A320,,ISR
4d22ad,9H-LMG,A320,Jan 2011,RYR
3451d3,EC-MKM,A320,Feb 2016,VLG
0ac95b,HK-5318,A320,May 2019,AVA
06a1e0,A7-LAF,A320,Jun 2015,QTR
00b22e,ZS-SZL,A320,Jul 2007,SAA
4ca27f,EI-DEK,A320,Mar 2005,EIN
e49763,PR-TQC,A320,Sep 2011,TAM
4d240c,9H-EUU,A320,Jul 2010,EWG
c00899,C-FDGQ,A320,,ACA
a5b916,N468UA,A320,Nov 2000,UAL
407f64,G-EJCD,A320,Jun 2009,EZY
89637d,A6-EIT,A320,Sep 2013,ETD
4691c1,SX-DNA,A320,Jun 2015,AEE
503d40,LY-FAS,A320,Apr 2010,ASL
4b1942,HB-JOS,A320,Jul 2010,CSW
c0248c,C-FNVV,A320,Jan 1993,ACA
780a9e,B-LPO,A320,Dec 2015,CRK
75875e,RP-C4262,A320,Mar 2013,CEB
8965fa,A6-AUG,A320,Jun 2014,ADY
8966b2,A6-RMA,A320,Sep 2004,VYU
71c328,HL8328,A320,Jan 2012,ABL
a0480b,N117UW,A320,Apr 2000,AAL
780889,B-6895,A320,May 2012,CSN
3c4b4e,D-ABZN,A320,Mar 2007,EWG
a8955e,N652NK,A320,Jan 2017,NKS
e8021f,CC-CQP,A320,Jul 2008,ARE
44cdc9,OO-SNI,A320,Mar 2003,BEL
a582bb,N454UA,A320,Sep 1999,UAL
440019,OE-ICF,A320,May 2011,EJU
8966ad,A6-AQN,A320,,ABY
461f62,OH-LXA,A320,Jan 2001,FIN
4d24fa,9H-SWK,A320,,SXS
440159,OE-INA,A320,May 2017,EJU
4b1620,HB-IJW,A320,Dec 2003,EDW
a6a00b,N526JL,A320,Jul 2001,JBU
4d24d2,9H-SWG,A320,May 2011,EWG
880c49,HS-CBI,A320,Jul 2018,AIQ
4408de,OE-LBY,A320,Apr 2012,AUA
a562aa,N446UA,A320,May 1998,UAL
0180a4,5A-TAJ,A320,Sep 2009,CWN
4d2013,9H-EUO,A320,,EWG
78007a,B-8077,A320,Jul 2015,CSZ
7503fd,9M-AJZ,A320,Apr 2016,AXM
44cdd0,OO-SNP,A320,May 2013,BEL
e0814b,LV-HEK,A320,Nov 2018,JES
152021,RA-73761,A320,,AFL
a3df1e,N349DX,A321,May 2018,DAL
e485b0,PT-MXF,A321,Jun 2010,TAM
845dcc,JA113A,A321,Dec 2016,ANA
a475a3,N387DN,A321,Jul 2019,DAL
780ac5,B-LEE,A321,Jul 2017,HKE
4baa6c,TC-JSL,A321,Jun 2013,THY
394c14,F-GTAU,A321,Feb 2009,AFR
471f62,HA-LXA,A321,Nov 2015,WMT
471f6d,HA-LXL,A321,Jan 2017,WMT
4b9c61,TC-GCA,A321,,THY
394c14,F-GTAU,A321,Feb 2009,AFR
471efd,HA-LTD,A321,May 2018,WMT
899072,B-16226,A321,Sep 2016,EVA
a47d11,N389DN,A321,Feb 2019,DAL
789206,B-LEH,A321,Oct 2017,HKE
e4925f,PT-XPQ,A321,Apr 2016,TAM
3c6485,D-AIDE,A321,Feb 2011,DLH
471f73,HA-LXR,A321,Mar 2017,WZZ
780d0e,B-1605,A321,Nov 2014,CSN
4690e1,SX-DGA,A321,Apr 2009,AEE
885972,HS-VKR,A321,Feb 2016,TVJ
a704f9,N551UW,A321,Nov 2011,AAL
a071c2,N128DN,A321,,DAL
3c6483,D-AIDC,A321,Jan 2011,DLH
4baa53,TC-JRS,A321,Jun 2011,THY
7803ef,B-6331,A321,Sep 2007,CES
4baa42,TC-JRB,A321,Aug 2006,THY
71c073,HL8073,A321,Oct 2006,ASV
7811e3,B-8687,A321,Jun 2017,CSC
4010dc,G-EUXL,A321,Sep 2007,EFW
345314,EC-MOO,A321,Dec 2016,VLG
0d08f4,XA-VLJ,A321,May 2015,VOI
780ec3,B-MCE,A321,Jan 2016,AMU
c051cc,C-GEZJ,A321,Dec 2009,TSC
780d0f,B-1606,A321,Nov 2014,CSN
345249,EC-MMU,A321,Jul 2016,VLG
471f02,HA-LTI,A321,Aug 2019,WMT
a471ec,N386DN,A321,Oct 2019,DAL
345248,EC-MMH,A321,Jun 2016,VLG
e80440,CC-BEA,A321,Nov 2014,LAN
78041c,B-MBB,A321,Mar 2013,AMU
3c648d,D-AIDM,A321,Nov 2011,DLH
780fa6,B-8543,A321,,CBJ
acb285,N917UY,A321,Jan 2015,AAL
a06e0b,N127DN,A321,Aug 2021,DAL
4691c7,SX-DNG,A321,Nov 2005,AEE
7583ab,RP-C9923,A321,Apr 2015,GAP
3c664d,D-AIRM,A321,Dec 1994,DLH
394c14,F-GTAU,A321,Feb 2009,AFR
471f70,HA-LXO,A321,Feb 2017,WMT
345043,EC-MHS,A321,Jul 2015,VLG
888133,VN-A630,A321,Apr 2017,VJC
7c6d7e,VH-VWW,A321,May 2009,JST
471f67,HA-LXF,A321,Jun 2016,WMT
345359,EC-MPV,A321,Jan 2017,VLG
4baa50,TC-JRP,A321,Apr 2011,THY
3c664f,D-AIRO,A321,Nov 1995,DLH
a4795a,N388DN,A321,Sep 2019,DAL
a71b43,N557UW,A321,Aug 2012,AAL
7807cd,B-6825,A321,Nov 2011,CCA
a18403,N197UW,A321,May 2009,AAL
a04b24,N118NN,A321,Jun 2014,AAL
a18403,N197UW,A321,May 2009,AAL
4b9e46,TC-GRF,A321,,STW
89906b,B-16220,A321,Aug 2015,EVA
adde95,N993JE,A321,Mar 2018,JBU
394c18,F-GTAY,A321,Mar 2010,AFR
a013e8,N104DN,A321,May 2020,DAL
a9768a,N709FR,A321,Apr 2016,FFT
781032,B-8641,A321,Sep 2016,CSN
3c56a1,D-AEUA,A321,May 2003,GEC
a39017,N329DN,A321,Nov 2017,DAL
4b1691,HB-IOF,A321,Jun 1995,SWR
ac81d2,N905AU,A321,Jun 2017,AAL
34535a,EC-MQB,A321,Mar 2017,VLG
4baa76,TC-JSV,A321,Aug 2015,THY
780486,B-6353,A321,Jun 2008,CSN
78036e,B-6319,A321,Aug 2007,CSN
a466d2,N383DZ,A321,May 2019,DAL
a34ae0,N311DN,A321,Sep 2016,DAL
151dce,RA-73166,A321,Jul 2018,AFL
a0e431,N157AA,A321,Mar 2016,AAL
888125,VN-A673,A321,May 2016,VJC
e491ae,PT-XPI,A321,Aug 2015,TAM
3c6641,D-AIRA,A321,Dec 1993,DLH
80058a,VT-PPX,A321,Apr 2010,AIC
a8c44b,N664NK,A321,Mar 2016,NKS
342107,EC-JDM,A321,Nov 2004,IBE
4baa7a,TC-JSZ,A321,Sep 2015,THY
471f02,HA-LTI,A321,Aug 2019,WMT
3c648f,D-AIDO,A321,Jan 2012,EWG
781412,B-300E,A321,Jun 2018,CBJ
4b9e44,TC-GRD,A321,Nov 2013,STW
88808b,VN-A324,A321,,HVN
a06a54,N126DN,A321,,DAL
3c6646,D-AIRF,A321,Apr 1994,DLH
151fed,RA-73709,A321,,AFL
344699,EC-MGY,A321,Jun 2015,VLG
e490c2,PT-XPB,A321,Dec 2014,TAM
4baa8b,TC-JTK,A321,May 2016,THY
4ba9da,TC-JNZ,A333,Dec 2013,THY
7801ca,B-LAE,A333,Jun 2007,CPA
4ba9cb,TC-JNK,A333,Nov 2010,THY
ab398a,N822NW,A333,Apr 2015,DAL
3c656c,D-AIKL,A333,Jan 2008,DLH
77058d,4R-ALM,A333,Nov 2014,ALK
7c531d,VH-QPB,A333,Oct 2003,QFA
780235,B-LAJ,A333,Sep 2010,CPA
780a59,B-LBC,A333,Jul 2013,CPA
4b1886,HB-JHM,A333,Oct 2012,SWR
8a09e0,PK-LEY,A333,Feb 2015,LNI
3c656e,D-AIKN,A333,Apr 2008,DLH
7801b6,B-HLW,A333,Nov 2003,CPA
4bb1e2,TC-LOB,A333,Jan 2014,THY
78929b,B-LHP,A333,Jan 2018,CRK
71c502,HL8502,A333,,TWB
3c6573,D-AIKS,A333,Feb 2014,DLH
780a0a,B-LAM,A333,Jun 2011,CPA
8991b9,B-18311,A333,Apr 2006,CAL
71bd53,HL7553,A333,Apr 1999,KAL
406832,G-VWAG,A333,Sep 2012,VIR
407be6,G-EIDY,A333,May 2009,EUK
8991b6,B-18308,A333,Sep 2005,CAL
71bd85,HL7585,A333,Jul 2000,KAL
780195,B-HYG,A333,Apr 2001,CPA
780a6c,B-LNO,A333,Jan 2013,CRK
7c5324,VH-QPI,A333,Oct 2005,QFA
8991b5,B-18307,A333,Aug 2005,CAL
71bf94,HL7794,A333,Aug 2010,AAR
7100b7,HZ-AQ13,A333,Jun 2016,SVA
06a3bd,A7-AEP,A333,Oct 2014,QTR
15203c,RA-73788,A333,Oct 2012,AFL
75025d,9M-MTJ,A333,Aug 2012,MAS
4bb1e7,TC-LOG,A333,Dec 2015,THY
7801b9,B-HYQ,A333,Mar 2004,CPA
780195,B-HYG,A333,Apr 2001,CPA
c05840,C-GHKX,A333,Jun 2001,ACA
8a0532,PK-GPY,A333,Sep 2015,GIA
ab599b,N830NW,A333,Jan 2017,DAL
75025a,9M-MTG,A333,May 2012,MAS
71bd54,HL7554,A333,Jan 1999,KAL
71bd54,HL7554,A333,Jan 1999,KAL
71004a,HZ-AQA,A333,Mar 2010,SVA
4ba9e8,TC-JOH,A333,Apr 2015,THY
780bd9,B-5939,A333,Dec 2013,CSN
7803ae,B-6512,A333,Feb 2010,CCA
781590,B-304K,A333,Oct 2018,CHH
461f0c,OH-LTS,A333,Nov 2009,QFA
780a4a,B-LAX,A333,Nov 2012,CPA
71bf47,HL7747,A333,Nov 2006,AAR
a780ad,N5827K,A333,Jan 1965,HAL
780a4b,B-LAZ,A333,Jan 2013,CPA
3444c4,EC-LZJ,A333,Dec 2013,IBE
886290,HS-XTP,A333,,TAX
71bd85,HL7585,A333,Jul 2000,KAL
71bd86,HL7586,A333,Jul 2000,KAL
7c5322,VH-QPG,A333,May 2004,QFA
3c6564,D-AIKD,A333,Aug 2004,OCN
71c286,HL8286,A333,Oct 2013,AAR
71012f,HZ-AQ26,A333,Jun 2017,SVA
710050,HZ-AQG,A333,Jan 2011,SVA
4ba9e7,TC-JOG,A333,Mar 2015,THY
71c501,HL8501,A333,Oct 2009,TWB
78018f,B-HLO,A333,Mar 2001,CPA
780a0d,B-LAP,A333,Aug 2012,CPA
750257,9M-MTD,A333,May 2011,MAS
71c561,HL8561,A333,Jul 2014,TWB
3c656f,D-AIKO,A333,Jan 2009,OCN
484fff,PH-AKE,A333,Jan 2013,KLM
c0582b,C-GHKC,A333,Feb 2009,ACA
71bf54,HL7754,A333,Jun 2007,AAR
7814c4,B-302E,A333,Jul 2018,CSZ
781fda,B-32FE,A333,,CBJ
780a0b,B-LAN,A333,Jan 2012,CPA
750478,9M-XBE,A333,Aug 2006,XAX
3c6568,D-AIKH,A333,Jan 2005,OCN
888201,VN-A820,A333,,VJC
a79625,N5881K,A333,Oct 2010,HAL
780a0e,B-LAQ,A333,Aug 2012,CPA
4bb1c3,TC-LNC,A333,Jan 2016,THY
75025e,9M-MTK,A333,Jan 2013,MAS
78927c,B-LHI,A333,,CRK
71bf95,HL7795,A333,Feb 2011,AAR
758339,RP-C8765,A333,Jul 2014,PAL
a7878f,N5843K,A333,Dec 2009,HAL
7504cd,9M-XXQ,A333,Nov 2005,XAX
7c5321,VH-QPF,A333,Mar 2004,QFA
750257,9M-MTD,A333,May 2011,MAS
406814,G-VGEM,A333,Mar 2011,VIR
71bf20,HL7720,A333,Aug 2003,KAL
780a82,B-LBH,A333,Sep 2014,CPA
71bf40,HL7740,A333,Jun 2005,AAR
44ccd0,OO-SFP,A333,,BEL
c083f2,C-GXZD,A333,Apr 2014,ACA
4ca86e,EI-GCF,A333,Sep 2017,EIN
8881dc,VN-A815,A333,Nov 2015,VJC
71bf93,HL7793,A333,Sep 2009,AAR
c0611f,C-GKUG,A333,Jul 2010,ACA
7801b6,B-HLW,A333,Nov 2003,CPA
780dc1,B-5972,A333,Apr 2015,CHH
461f4d,OH-LWF,A359,Apr 2016,FIN
a6a6fe,N528DN,A359,Apr 2025,DAL
3461cb,EC-NCX,A359,Apr 2019,IBE
06a10a,A7-ALV,A359,,QTR
a6456d,N503DN,A359,Sep 2017,DAL
896623,A6-EXF,A359,Apr 2025,UAE
06a0f5,A7-ALA,A359,Oct 2014,QTR
4cad44,EI-IFA,A359,,ITY
4bb0e5,TC-LGE,A359,,THY
896620,A6-EXC,A359,Mar 2025,UAE
76cda9,9V-SMI,A359,Dec 2016,SIA
76cd0d,9V-SHM,A359,Jan 2020,SIA
780aad,B-LRJ,A359,Nov 2016,CPA
06a109,A7-ALU,A359,Mar 2018,QTR
841c60,JA07XJ,A359,Oct 2020,JAL
76cd11,9V-SHQ,A359,Aug 2020,SIA
4bb0e1,TC-LGA,A359,Mar 2020,THY
781ff6,B-32FP,A359,Aug 2023,CES
a68cfd,N521DN,A359,Apr 2024,DAL
75044c,9M-MAE,A359,Feb 2018,MAS
461f4b,OH-LWD,A359,Dec 2015,FIN
8418cc,JA06XJ,A359,Mar 2020,JAL
39d2ae,F-HUVO,A359,Jul 2024,AFR
8460b0,JA11XJ,A359,Jul 2021,JAL
461f50,OH-LWI,A359,May 2017,FIN
4bb107,TC-LHG,A359,Jun 2025,THY
8990c0,B-58506,A359,,SJX
a64924,N504DN,A359,Nov 2017,DAL
7815a8,B-304V,A359,Dec 2016,CSC
781e49,B-32CA,A359,Aug 2022,CCA
06a0fa,A7-ALF,A359,Aug 2015,QTR
461f50,OH-LWI,A359,May 2017,FIN
885118,HS-THX,A359,Oct 2017,THA
899122,B-58510,A359,,SJX
76cda4,9V-SMD,A359,Jun 2016,SIA
4aca64,SE-RSD,A359,Jun 2020,SAS
841ff4,JA08XJ,A359,Nov 2020,JAL
76cd0c,9V-SHL,A359,Nov 2019,SIA
76cd03,9V-SHC,A359,Jan 2019,SIA
896622,A6-EXE,A359,Apr 2025,UAE
06a109,A7-ALU,A359,Mar 2018,QTR
347386,EC-NXC,A359,,IBE
39d2a1,F-HUVB,A359,Aug 2023,AFR
06a0e7,A7-AMH,A359,Dec 2018,QTR
76cdb1,9V-SMQ,A359,Jul 2017,SIA
461f52,OH-LWK,A359,Jun 2017,FIN
a65092,N506DN,A359,Dec 2017,DAL
781dac,B-329S,A359,Feb 2022,CSN
06a107,A7-ALS,A359,Jun 2017,QTR
39d2a3,F-HUVD,A359,Oct 2023,AFR
a759f1,N573DZ,A359,,DAL
a7615f,N575DZ,A359,Jun 2019,DAL
4bb0e9,TC-LGI,A359,Oct 2021,THY
885112,HS-THR,A359,Oct 2018,THA
4bb0e7,TC-LGG,A359,Jun 2022,THY
781fbe,B-32F8,A359,,CSC
781345,B-1082,A359,Jun 2018,CCA
346419,EC-NIS,A359,Mar 2020,IBE
885111,HS-THQ,A359,Jul 2018,THA
8411a4,JA04XJ,A359,Sep 2019,JAL
71c362,HL8362,A359,Sep 2019,AAR
76cd04,9V-SHD,A359,Jan 2019,SIA
845d1c,JA10XJ,A359,Jul 2021,JAL
8880e5,VN-A887,A359,Jul 2015,HVN
789276,B-LQH,A359,,CPA
8990c0,B-58506,A359,,SJX
76cdb3,9V-SMS,A359,Oct 2017,SIA
4bb0ef,TC-LGO,A359,Oct 2023,THY
846444,JA12XJ,A359,Aug 2021,JAL
76cd0c,9V-SHL,A359,Nov 2019,SIA
896622,A6-EXE,A359,Apr 2025,UAE
846f00,JA15XJ,A359,Jan 2022,JAL
06a0ff,A7-ALK,A359,May 2016,QTR
789276,B-LQH,A359,,CPA
8990ca,B-58509,A359,,SJX
3c6701,D-AIXA,A359,Nov 2016,DLH
39cf06,F-HTYG,A359,,AFR
8406e8,JA01XJ,A359,May 2019,JAL
a7615f,N575DZ,A359,Jun 2019,DAL
06a0f8,A7-ALD,A359,May 2015,QTR
06a0f5,A7-ALA,A359,Oct 2014,QTR
781e82,B-32CQ,A359,Jul 2022,CSN
4bb104,TC-LHD,A359,Mar 2025,THY
76cd03,9V-SHC,A359,Jan 2019,SIA
76cda8,9V-SMH,A359,Nov 2016,SIA
76cd08,9V-SHH,A359,Apr 2019,SIA
781f2d,B-32DL,A359,,CCA
885107,HS-THG,A359,Jul 2017,THA
06a10c,A7-ALX,A359,,QTR
346114,EC-NBO,A359,Mar 2019,EVE
885112,HS-THR,A359,Oct 2018,THA
781e4d,B-32CE,A359,Sep 2022,CCA
4bb0e4,TC-LGD,A359,,THY
781642,B-307C,A359,Dec 2018,CCA
896625,A6-EXH,A359,Apr 2025,UAE
4cad45,EI-IFB,A359,Nov 2018,ITY
38a6fb,F-WXWB,A359,Jun 2013,AIB
885106,HS-THF,A359,Jun 2017,THA
8990c9,B-58508,A359,,SJX
76cd05,9V-SHE,A359,Mar 2019,SIA
c822ec,ZK-MVH,AT76,Dec 2015,ANZ
758426,RP-C7281,AT76,Oct 2016,SRQ
46d0ad,SX-TEM,AT76,,SEH
4ab568,SE-MKH,AT76,Nov 2016,AUA
46ced4,SX-SVT,AT76,Nov 2020,SEH
4d2367,9H-NFR,AT76,Apr 2014,ANE
0ac9ab,HK-5347,AT76,Nov 2019,EFY
e48f38,PR-AQO,AT76,Mar 2014,AZU
4a068b,YR-ATK,AT76,Dec 2019,ROT
800c3a,VT-RKE,AT76,Dec 2016,LLR
899140,B-17005,AT76,May 2013,UIA
800db1,VT-IYT,AT76,Jan 2019,IGO
4a068a,YR-ATJ,AT76,Jan 2020,ROT
89914d,B-16858,AT76,Jun 2019,MDA
4a068b,YR-ATK,AT76,Dec 2019,ROT
4a068c,YR-ATL,AT76,Dec 2019,ROT
c82b08,ZK-MZG,AT76,Nov 2024,ANZ
0acc96,HK-5466,AT76,Nov 2013,NSE
40750b,G-IACZ,AT76,Feb 2018,EZE
0ac9ab,HK-5347,AT76,Nov 2019,EFY
c82727,ZK-MVU,AT76,May 2018,ANZ
899144,B-17009,AT76,Feb 2014,UIA
c82b09,ZK-MZH,AT76,Jul 2025,ANZ
4cad9f,EI-HDI,AT76,Apr 2013,EAI
801776,VT-FID,AT76,Feb 2015,GOA
346182,EC-NBG,AT76,Dec 2012,ANE
46bc54,SX-OBT,AT76,Jul 2024,AEE
4ab56e,SE-MKN,AT76,Jan 2020,SAS
4caf0b,EI-HPK,AT76,May 2015,EAI
800cbf,VT-IYF,AT76,Mar 2018,IGO
4ab56d,SE-MKM,AT76,Dec 2019,SAS
4caca3,EI-HAE,AT76,,ABR
4ab56b,SE-MKK,AT76,Jun 2016,SAS
89913d,B-17017,AT76,Aug 2016,UIA
8990f2,B-16862,AT76,,MDA
899140,B-17005,AT76,May 2013,UIA
884364,HS-PZD,AT76,Dec 2015,BKP
801753,VT-IRO,AT76,Dec 2024,IGO
46bc53,SX-OBS,AT76,,AEE
4caada,EI-FAV,AT76,Aug 2013,EAI
884345,HS-PZE,AT76,Nov 2015,BKP
4ab567,SE-MKG,AT76,Oct 2016,AUA
46d276,SX-TSV,AT76,Jul 2024,SEH
758598,RP-C7202,AT76,Jun 2018,ATX
800c65,VT-IYA,AT76,Oct 2017,IGO
800cc3,VT-IYI,AT76,Apr 2018,IGO
407f42,G-CMMN,AT76,Jan 2013,EAG
45caae,OY-RUN,AT76,Sep 2018,DTR
702097,S2-AKG,AT76,Aug 2018,UBG
4d23b6,9H-NFT,AT76,Nov 2014,ANE
46ced4,SX-SVT,AT76,Nov 2020,SEH
8013bb,VT-IYX,AT76,Feb 2019,IGO
3a46b4,F-ORVU,AT76,Sep 2016,VT2
46bc4d,SX-OBM,AT76,Nov 2012,AEE
c82986,ZK-MZF,AT76,Oct 2021,ANZ
407d46,G-LMTE,AT76,Sep 2015,LOG
0aca80,HK-5399,AT76,Nov 2011,NSE
800c3a,VT-RKE,AT76,Dec 2016,LLR
407cd8,G-LMTC,AT76,Jun 2015,LOG
801753,VT-IRO,AT76,Dec 2024,IGO
4cad9f,EI-HDI,AT76,Apr 2013,EAI
8015d2,VT-IRI,AT76,Jul 2023,IGO
407d45,G-LMTD,AT76,Mar 2015,LOG
45cab6,OY-RUV,AT76,Oct 2018,DNU
45cab6,OY-RUV,AT76,Oct 2018,DNU
8990f5,B-16863,AT76,Jun 2024,MDA
0aca7f,HK-5398,AT76,Feb 2012,NSE
702702,S2-AKJ,AT76,,UBG
e48b4f,PR-TKK,AT76,Jan 2012,AZU
758430,RP-C7282,AT76,Jan 2017,SRQ
46bc4b,SX-OBK,AT76,Jun 2012,AEE
408087,G-LMTI,AT76,,LOG
4ab56e,SE-MKN,AT76,Jan 2020,SAS
408066,G-LMTG,AT76,Nov 2013,LOG
407bdd,G-CMJL,AT76,,EAG
0ac3f8,HK-5293,AT76,Jul 2018,EFY
4cae87,EI-HAG,AT76,Feb 2024,ABR
4caada,EI-FAV,AT76,Aug 2013,EAI
4cad6d,EI-HDH,AT76,Jul 2014,EAI
0aca7f,HK-5398,AT76,Feb 2012,NSE
89914f,B-16860,AT76,Nov 2020,MDA
46bc49,SX-OBI,AT76,Nov 2015,AEE
39dd48,F-HXKI,AT76,Dec 2022,CCM
899146,B-17011,AT76,Jul 2014,UIA
4ab567,SE-MKG,AT76,Oct 2016,AUA
4ab568,SE-MKH,AT76,Nov 2016,AUA
46bc52,SX-OBR,AT76,,AEE
c82335,ZK-MVK,AT76,May 2016,ANZ
4ab5d0,SE-MNP,AT76,Jun 2015,SAS
c82986,ZK-MZF,AT76,Oct 2021,ANZ
3442c2,EC-LRH,AT76,Apr 2012,ANE
800ce0,VT-IYJ,AT76,May 2018,IGO
801751,VT-IRR,AT76,Jan 2025,IGO
39dd44,F-HXKE,AT76,,CCM
4cad13,EI-GZV,AT76,,EAI
407f85,G-LMTB,AT76,Jul 2013,LOG
89914d,B-16858,AT76,Jun 2019,MDA
0ac959,HK-5322,AT76,May 2019,EFY
0aca7e,HK-5404,AT76,Jan 2016,EFY
800fd1,VT-IYY,AT76,May 2019,IGO
896557,A6-FMP,B38M,Jan 2021,FDB
c0502e,C-GEJL,B38M,Feb 2019,ACA
a12733,N17337,B38M,Jan 1999,UAL
ac5ed9,N8966S,B38M,,SWA
e49eee,PS-GRK,B38M,,GLO
a43ea7,N37278,B38M,May 2019,UAL
c00eb0,C-FFOP,B38M,,ACA
e07585,LV-GVE,B38M,Dec 2017,ARG
a33eb5,N308TB,B38M,,AAL
49d3d6,OK-SWD,B38M,,TVP
ac5ada,N8954Q,B38M,,SWA
4cc574,TF-ICG,B38M,Aug 2018,ICE
4cae49,EI-IHW,B38M,Oct 2023,RYR
e49524,PR-XMV,B38M,Nov 2021,GLO
ac24c5,N8816Q,B38M,Feb 2020,SWA
4caecc,EI-ILC,B38M,,RYR
e49ca9,PS-GPQ,B38M,Apr 2016,GLO
ac3e13,N8881L,B38M,,SWA
4cae4c,EI-IHZ,B38M,Nov 2023,RYR
4bcdb5,TC-SMU,B38M,Nov 2019,SXS
801650,VT-BXS,B38M,,AXB
4b9e4f,TC-GRO,B38M,Aug 2022,STW
78130e,B-1207,B38M,Nov 2017,CSN
e49ef0,PS-GRH,B38M,Oct 2024,GLO
a32fa7,N304RB,B38M,Oct 2017,AAL
a44238,N37365,B38M,,UAL
a44168,N37307,B38M,Jan 2019,UAL
71c715,HL8715,B38M,,ESR
48c2a2,SP-RZC,B38M,Aug 2021,RYR
4d24cc,9H-VVK,B38M,Jul 2023,RYR
e4988b,PS-GPM,B38M,Nov 2019,GLO
ac1ab8,N8794Q,B38M,,SWA
a37eb0,N324RN,B38M,Aug 2018,AAL
a1440c,N1807U,B38M,Nov 2019,SWA
ac24e4,N8817L,B38M,,SWA
ac33c4,N8857Q,B38M,,SWA
ac0b50,N8750Q,B38M,,SWA
48c2a0,SP-RZA,B38M,Apr 2021,RYR
4cae69,EI-IJV,B38M,,RYR
80177b,VT-BWP,B38M,Jun 2019,AXB
4bcdaa,TC-SMJ,B38M,,SXS
4d2347,9H-VUH,B38M,Sep 2019,RYR
ac0448,N8733M,B38M,Jan 2019,SWA
e49526,PR-XMT,B38M,Sep 2021,GLO
4bcdb3,TC-SMS,B38M,,SXS
4cae54,EI-IJD,B38M,,RYR
e49ef1,PS-GRJ,B38M,,GLO
a44214,N37354,B38M,,UAL
4cc576,TF-ICI,B38M,,ICE
c03069,C-FSIQ,B38M,Mar 2018,ACA
ac2082,N8802Q,B38M,Sep 2019,SWA
a2b12e,N27261,B38M,,UAL
896607,A6-FKQ,B38M,,FDB
47c1f7,LN-FGG,B38M,Mar 2022,NSZ
abf9d5,N8708Q,B38M,Aug 2017,SWA
ac37bd,N8869L,B38M,,SWA
8017a2,VT-BWQ,B38M,Oct 2019,AXB
4aca9a,SE-RTZ,B38M,Aug 2025,NOZ
4d2449,9H-VVE,B38M,,RYR
4bcdaa,TC-SMJ,B38M,,SXS
4aca8e,SE-RTN,B38M,,NSZ
4caff7,EI-ILJ,B38M,,RYR
4cad4f,EI-HGE,B38M,Dec 2019,RYR
ac379a,N8868L,B38M,,SWA
ac3b78,N8879Q,B38M,,SWA
78135c,B-1238,B38M,Mar 2018,CSN
c06cda,C-GPFT,B38M,,WJA
80165e,VT-BXL,B38M,Jan 2022,AXB
ac2813,N8823Q,B38M,,SWA
8016c8,VT-BWM,B38M,May 2019,AXB
ac36ef,N8863Q,B38M,,SWA
a2b154,N27274,B38M,,UAL
e0b255,LV-KIU,B38M,May 2019,ARG
ac33a3,N8856S,B38M,,SWA
ac4c8a,N8918Q,B38M,,SWA
71ba17,HL7217,B38M,Apr 2024,JNA
0c6062,9Y-JAM,B38M,Dec 2021,BWA
ac5ed9,N8966S,B38M,,SWA
4bcdb4,TC-SMT,B38M,Jun 2025,SXS
ac4210,N8893L,B38M,,SWA
7817ce,B-20DN,B38M,Nov 2019,CSZ
4ca9aa,EI-HAY,B38M,Oct 2019,RYR
e497e7,PS-GPA,B38M,Nov 2018,GLO
4caeca,EI-ILA,B38M,Aug 2025,RYR
abec9b,N868AM,B38M,,AMX
4d2387,9H-VUZ,B38M,,RYR
407fad,G-TUOA,B38M,,TOM
a3e658,N350RV,B38M,Dec 2018,AAL
a123bf,N17254,B38M,,UAL
c071a4,C-GRAX,B38M,Oct 2017,WJA
ac289f,N8827Q,B38M,,SWA
a5cfa5,N47370,B38M,,UAL
abf96c,N8705Q,B38M,Mar 2017,SWA
781740,B-20CS,B38M,Oct 2019,CSN
48af0f,SP-LVP,B38M,Oct 2019,LOT
4cae90,EI-IKA,B38M,,RYR
781740,B-20CS,B38M,Oct 2019,CSN
4d23f8,9H-VVD,B38M,,RYR
47bfb3,LN-FGF,B38M,Feb 2022,NSZ
4cadf2,EI-IHG,B38M,,RYR
a27380,N257WN,B737,Sep 2006,SWA
c03c04,C-FWSX,B737,Apr 2004,WJA
a60c09,N489WN,B737,Oct 2004,SWA
a62fd1,N498WN,B737,Jan 2005,SWA
a58e1e,N457WN,B737,Mar 2004,SWA
484b90,PH-BGI,B737,Jan 2010,KLM
a200ba,N228WN,B737,Dec 2005,SWA
a582f9,N454WN,B737,Mar 2004,SWA
a58e1e,N457WN,B737,Mar 2004,SWA
ad1697,N942WN,B737,Jul 2009,SWA
aa7757,N7736A,B737,Nov 2006,SWA
a6f482,N54711,B737,Aug 1998,UAL
a1ca5f,N214WN,B737,May 2005,SWA
a537b2,N435WN,B737,May 2003,SWA
a3117c,N297WN,B737,Oct 2007,SWA
ae7458,170042,B737,,CNV
e49270,PR-GEJ,B737,Jan 2007,GLO
a615d0,N491WN,B737,Oct 2004,SWA
484966,PH-BGG,B737,Mar 2009,KLM
ad21bc,N945WN,B737,Mar 2010,SWA
e47e7e,PR-GOQ,B737,Sep 2002,GLO
aa72f5,N7721E,B737,Feb 2006,SWA
ad1a4e,N943WN,B737,Feb 2010,SWA
e4919e,PR-GEH,B737,Apr 2007,GLO
800b81,VT-SLB,B737,Aug 2007,SEJ
aab18c,N7887A,B737,Aug 2007,SWA
a74a5a,N569WN,B737,Nov 2002,SWA
504e88,ER-SMA,B737,Jan 2003,SQY
a50f40,N425LV,B737,Mar 2002,SWA
aa779d,N7738A,B737,Dec 2006,SWA
c04c36,C-GCWJ,B737,Aug 2004,WJA
a20471,N229WN,B737,Jan 2006,SWA
a1ea70,N222WN,B737,Aug 2005,SWA
aaaddc,N7877H,B737,Feb 2005,SWA
845ebc,JA11AN,B737,May 2007,ADO
ad3098,N949WN,B737,Jul 2010,SWA
a577d4,N451WN,B737,Feb 2004,SWA
acd675,N926WN,B737,Jun 2008,SWA
a2cffc,N280WN,B737,Jun 2007,SWA
ad6595,N962WN,B737,Jul 2011,SWA
a10e29,N16709,B737,Aug 1998,UAL
aaa224,N7843A,B737,Oct 2006,SWA
e49270,PR-GEJ,B737,Jan 2007,GLO
4a08e9,YR-BGI,B737,Nov 2003,ROT
a51b58,N428WN,B737,Oct 2002,SWA
a1ae05,N207WN,B737,Mar 2005,SWA
4d00c1,LX-LGQ,B737,Jan 2004,LGL
aaa621,N7855A,B737,Jan 2005,SWA
c01551,C-FIBW,B737,May 2011,WJA
a5a6c1,N463WN,B737,May 2004,SWA
a8d231,N668CP,B737,,TYS
a214b3,N233LV,B737,Mar 2006,SWA
a55b7a,N444WN,B737,Aug 2003,SWA
aab1d2,N7889A,B737,Oct 2005,SWA
ad292a,N947WN,B737,May 2010,SWA
aaa621,N7855A,B737,Jan 2005,SWA
a586b0,N455WN,B737,Mar 2004,SWA
a10e46,N16713,B737,Sep 1998,UAL
aa76cb,N7732A,B737,Aug 2006,SWA
aaa28d,N7846A,B737,Jul 2007,SWA
a28c23,N263WN,B737,Jan 2007,SWA
aaaa4a,N7868K,B737,Nov 2005,SWA
8470a0,JA16AN,B737,Jan 2008,ADO
a2edb4,N288WN,B737,Jul 2007,SWA
a10e46,N16713,B737,Sep 1998,UAL
845ebc,JA11AN,B737,May 2007,ADO
484b90,PH-BGI,B737,Jan 2010,KLM
a577d4,N451WN,B737,Feb 2004,SWA
ad5e27,N960WN,B737,Jul 2011,SWA
a2db21,N283WN,B737,Jul 2007,SWA
aa9e4a,N7832A,B737,Apr 2003,SWA
aa7df3,N7750A,B737,Jan 2008,SWA
a28ee7,N264LV,B737,Jan 2007,SWA
aaa9d8,N7865A,B737,Jun 2002,SWA
ac7c52,N903WN,B737,Dec 2007,SWA
a2db21,N283WN,B737,Jul 2007,SWA
c080a4,C-GWSP,B737,Nov 2009,WJA
a2886c,N262WN,B737,Dec 2006,SWA
a1bb83,N210WN,B737,Apr 2005,SWA
ad5e27,N960WN,B737,Jul 2011,SWA
ad0f29,N940WN,B737,Jun 2009,SWA
a24c77,N24706,B737,Apr 1998,UAL
c013d6,C-FHNH,B737,Jul 2007,AKT
aaa668,N7857B,B737,Feb 2005,SWA
a10e29,N16709,B737,Aug 1998,UAL
a5e0d3,N478WN,B737,Aug 2004,SWA
aaa2d3,N7848A,B737,Nov 2005,SWA
ac8ee5,N908WN,B737,Jan 2008,SWA
aa7b10,N7746C,B737,Jun 2007,SWA
a54bab,N440LV,B737,Jul 2003,SWA
a27380,N257WN,B737,Sep 2006,SWA
a22839,N238WN,B737,May 2006,SWA
aaa9fb,N7866A,B737,Jun 2002,SWA
ad7bdf,N968WN,B737,Dec 2011,SWA
a29eb6,N268WN,B737,Feb 2007,SWA
a1ae05,N207WN,B737,Mar 2005,SWA
a742ec,N567WN,B737,Oct 2002,SWA
a20471,N229WN,B737,Jan 2006,SWA
a73b7e,N565WN,B737,May 2002,SWA
a717b6,N556WN,B737,Mar 2011,SWA
4ca894,EI-ENH,B738,Oct 2010,RYR
a3a086,N33266,B738,Aug 2001,UAL
7c29d8,VH-IJU,B738,Oct 2014,VOZ
ad2aed,N948AN,B738,Oct 2000,AAL
7807c9,B-5621,B738,Nov 2011,CCA
a2b060,N27205,B738,Jul 2000,UAL
a9d5e5,N73276,B738,Feb 2002,UAL
4ca84c,EI-EMD,B738,Apr 2010,RYR
881057,HS-DBW,B738,Aug 2016,NOK
780b63,B-5846,B738,Sep 2013,CXA
a3a082,N33262,B738,Jul 2001,UAL
7c7ab2,VH-YIS,B738,Sep 2012,VOZ
0200f8,CN-RGJ,B738,Feb 2012,RAM
49d287,OK-TVV,B738,Apr 2012,TVP
a44ddc,N377AR,B738,Apr 2010,AMX
01027d,SU-GGB,B738,,MSR
4ca6aa,EI-DYW,B738,Nov 2008,RYR
abe42c,N8653A,B738,Dec 2014,SWA
ace6e2,N930NN,B738,Jun 2013,AAL
abe450,N8654B,B738,Dec 2014,SWA
4cafd0,EI-GXK,B738,Oct 2018,RYR
ad0d35,N940AN,B738,Jul 2000,AAL
484165,PH-BXM,B738,Nov 2000,KLM
780dbd,B-1785,B738,Jan 2015,CHH
7c7ab3,VH-YIT,B738,Sep 2012,VOZ
7812bf,B-1352,B738,Dec 2017,CXA
4cafb5,EI-GSI,B738,Sep 2018,RYR
a779b0,N581AS,B738,May 2007,ASA
4ca762,EI-EFG,B738,May 2009,RYR
780fdf,B-7893,B738,Aug 2016,CCA
abc012,N8560Z,B738,Jan 2018,SWA
acc1ee,N921AN,B738,Sep 1999,AAL
7c29d5,VH-IJR,B738,Apr 2014,VOZ
ad2736,N947AN,B738,Sep 2000,AAL
484ee4,PH-HSD,B738,Mar 2011,KLM
4d21ea,9H-QAB,B738,Apr 2017,RYR
7804f1,B-1969,B738,Jul 2014,CXA
abe65a,N866NN,B738,Dec 2010,AAL
4d228f,9H-QEA,B738,Apr 2017,RYR
abc3ec,N8571Z,B738,May 2018,SWA
4ca703,EI-EBF,B738,Jan 2009,RYR
00b097,ZS-SJU,B738,Sep 2003,SFR
abad6c,N8510E,B738,Nov 2016,SWA
4d220b,9H-QCS,B738,May 2016,RYR
4ba90f,TC-JHO,B738,Jan 2013,THY
008de6,ZS-FGF,B738,Feb 2011,SFR
a3b4d6,N338PK,B738,May 2017,AAL
4ca27c,EI-DHO,B738,Sep 2005,RYR
e0b284,LV-KJD,B738,Mar 2006,FBZ
8832aa,HS-LUJ,B738,Sep 2015,TLM
4ca8e4,EI-ENR,B738,Jan 2011,RYR
4d2216,9H-QEH,B738,Feb 2018,RYR
408040,G-TUKX,B738,Jul 2008,TOM
7c6dda,VH-VZG,B738,Aug 2009,QFA
ab5b8c,N8306H,B738,Apr 2012,SWA
4ca73a,EI-EBR,B738,Mar 2009,RYR
4baad4,TC-JVT,B738,May 2016,THY
4787a0,LN-NIB,B738,Sep 2011,NOZ
738059,4X-EKK,B738,Dec 2014,ELY
4ca764,EI-EFI,B738,May 2009,RYR
71c375,HL8375,B738,,ESR
ac0ba7,N87527,B738,Jun 2010,UAL
8681b3,JA73NM,B738,Feb 2012,SKY
344446,EC-LUT,B738,Apr 2013,AEA
e48b00,PR-GUU,B738,Oct 2012,GLO
abc7c6,N8582Z,B738,Sep 2018,SWA
4bd152,TC-TJR,B738,Apr 2011,CAI
a437ce,N371DA,B738,Sep 1998,DAL
7c7a3d,VH-YFJ,B738,Jun 2012,VOZ
7c6c56,VH-VOO,B738,Aug 2003,VOZ
e06491,LV-FRQ,B738,Mar 2014,ARG
4aca13,SE-RPS,B738,Jan 2016,NSZ
485a35,PH-BCL,B738,Dec 2019,KLM
49d328,OK-TSU,B738,Mar 2010,EWG
8681ad,JA73NF,B738,Apr 2011,SKY
780fa1,B-7849,B738,Jul 2016,CXA
780e9a,B-6800,B738,Aug 2015,LKE
86cf4d,JA807X,B738,Jun 2013,SNJ
00b097,ZS-SJU,B738,Sep 2003,SFR
4ca7b5,EI-EFZ,B738,Oct 2009,RYR
478772,LN-DYU,B738,Jul 2011,NOZ
8832b9,HS-LUY,B738,Apr 2014,TLM
750214,9M-MSE,B738,Jun 2013,MAS
851ca8,JA347J,B738,Jul 2012,JAL
e4898a,PR-GUM,B738,Oct 2011,GLO
4d253d,9H-MAB,B738,,AEZ
851958,JA339J,B738,Jun 2011,JAL
0c2050,HP-1712CMP,B738,Apr 2010,RPB
881057,HS-DBW,B738,Aug 2016,NOK
ac9f52,N912NN,B738,Dec 2012,AAL
abe40a,N8652B,B738,Oct 2014,SWA
484c9b,PH-HXM,B738,Apr 2018,TRA
47878c,LN-DYY,B738,Mar 2012,NOZ
4ca61e,EI-DWR,B738,,RYR
e0b146,LV-KEF,B738,Jun 2010,FBZ
ad7b17,N968NN,B738,Mar 2015,AAL
4ca61b,EI-DWM,B738,Oct 2007,RYR
78027d,B-1729,B738,Nov 2014,CHH
a3c9c5,N343PN,B738,Jul 2017,AAL
e481d7,PR-GGL,B738,Apr 2009,GLO
06a1bd,A7-BEG,B77W,Nov 2015,QTR
76cdc3,9V-SNC,B77W,Nov 2015,SIA
86831e,JA742J,B77W,Sep 2009,JAL
8004de,VT-ALP,B77W,Jul 2009,AIC
06a19e,A7-BEC,B77W,Jul 2014,QTR
70204b,S2-AHN,B77W,Mar 2014,BBC
896308,A6-ENF,B77W,Jan 2013,UAE
71005a,HZ-AK18,B77W,Aug 2013,SVA
06a2b2,A7-BEN,B77W,Sep 2017,QTR
8963d2,A6-EPC,B77W,Aug 2015,UAE
76cdc3,9V-SNC,B77W,Nov 2015,SIA
706059,9K-AOF,B77W,Jan 2017,KAC
06a38c,A7-BOH,B77W,Apr 2011,QTR
e48ba9,PT-MUG,B77W,Oct 2012,TAM
4bb144,TC-LJD,B77W,Dec 2015,THY
780a66,B-KQR,B77W,Sep 2014,CPA
70605a,9K-AOH,B77W,Feb 2017,KAC
8964a1,A6-EQI,B77W,Oct 2017,UAE
71005e,HZ-AK19,B77W,Sep 2013,SVA
8960e0,A6-EBY,B77W,Mar 2007,UAE
89649f,A6-EQG,B77W,Sep 2017,UAE
780560,B-2002,B77W,Oct 2014,CES
4bb4e7,TC-MGG,B77W,Oct 2007,MGH
710064,HZ-AK24,B77W,Dec 2014,SVA
885178,HS-TKX,B77W,Dec 2014,THA
06a372,A7-BOA,B77W,Dec 2009,QTR
89621b,A6-EGZ,B77W,Aug 2012,UAE
c01723,C-FITU,B77W,Apr 2007,ACA
407995,G-STBP,B77W,Dec 2020,BAW
151dae,RA-73134,B77W,May 2014,AFL
896316,A6-ENT,B77W,Jul 2014,UAE
a2b8b8,N2747U,B77W,Mar 2018,UAL
76ceeb,9V-SWK,B77W,Jun 2007,SIA
7100bf,HZ-AK31,B77W,Jul 2016,SVA
896311,A6-ENO,B77W,Feb 2014,UAE
780d9f,B-2023,B77W,Jul 2015,CES
896218,A6-EGW,B77W,Jul 2012,UAE
151dab,RA-73131,B77W,Feb 2014,AFL
758798,RP-C7783,B77W,Oct 2013,PAL
896303,A6-ENA,B77W,Sep 2012,UAE
89617b,A6-EGC,B77W,Jul 2011,UAE
76cdc2,9V-SNB,B77W,Sep 2015,SIA
485000,PH-BVK,B77W,May 2013,KLM
8963d8,A6-EPI,B77W,Dec 2015,UAE
70605d,9K-AOK,B77W,May 2017,KAC
4bb163,TC-LKC,B77W,Jun 2014,THY
71c042,HL8042,B77W,Jun 2016,KAL
896308,A6-ENF,B77W,Jan 2013,UAE
06a083,A7-BAQ,B77W,Dec 2010,QTR
406a35,G-STBJ,B77W,Feb 2014,BAW
710060,HZ-AK21,B77W,Nov 2013,SVA
c01759,C-FIVW,B77W,May 2013,ACA
780a19,B-KPX,B77W,Aug 2011,CPA
89901d,B-18003,B77W,Jul 2015,CAL
76cdc1,9V-SNA,B77W,Feb 2015,SIA
86831e,JA742J,B77W,Sep 2009,JAL
71c346,HL8346,B77W,Apr 2019,KAL
5084a6,UR-AZR,B77W,Apr 2007,MGH
485000,PH-BVK,B77W,May 2013,KLM
800582,VT-ALS,B77W,Apr 2010,AIC
896306,A6-END,B77W,Nov 2012,UAE
7808cc,B-2035,B77W,Oct 2012,CCA
e48baa,PT-MUH,B77W,Nov 2012,TAM
c01725,C-FITW,B77W,May 2007,ACA
8963d0,A6-EPA,B77W,Jul 2015,UAE
8962e5,A6-ETG,B77W,Apr 2011,ETD
780a63,B-KQO,B77W,Jun 2014,CPA
4bb164,TC-LKD,B77W,May 2009,IGO
781703,B-20C5,B77W,Jul 2019,CSN
8963df,A6-EPP,B77W,Jul 2016,UAE
a9cecf,N731AN,B77W,Sep 2014,AAL
89617f,A6-EGG,B77W,Sep 2011,UAE
70605f,9K-AOM,B77W,Aug 2017,KAC
868078,JA739J,B77W,Jul 2008,JAL
8963d5,A6-EPF,B77W,Oct 2015,UAE
89902f,B-16726,B77W,Jan 2016,EVA
899019,B-18053,B77W,Oct 2014,CAL
06a373,A7-BOB,B77W,Sep 2009,QTR
780a67,B-KQS,B77W,Oct 2014,CPA
40621d,G-STBC,B77W,Oct 2010,BAW
896306,A6-END,B77W,Nov 2012,UAE
4ba954,TC-JJT,B77W,Aug 2014,THY
4851b3,PH-BVP,B77W,Feb 2016,KLM
a9cecf,N731AN,B77W,Sep 2014,AAL
06a1bf,A7-BEI,B77W,Mar 2016,QTR
4bb145,TC-LJE,B77W,Jan 2016,THY
710106,HZ-AK28,B77W,Jul 2015,SVA
896217,A6-EGV,B77W,Jul 2012,UAE
71bf83,HL7783,B77W,Jul 2009,KAL
780a8d,B-KQT,B77W,Nov 2014,CPA
06a078,A7-BAK,B77W,Mar 2010,QTR
407995,G-STBP,B77W,Dec 2020,BAW
899031,B-16728,B77W,Jul 2016,EVA
780d9c,B-2020,B77W,Mar 2015,CES
89617c,A6-EGD,B77W,Jun 2011,UAE
4ba949,TC-JJI,B77W,Dec 2010,THY
896114,A6-ECM,B77W,Dec 2008,UAE
710105,HZ-AK27,B77W,Jun 2015,SVA
89620b,A6-EGJ,B77W,Nov 2011,UAE
896316,A6-ENT,B77W,Jul 2014,UAE
47b12e,LN-FNC,B789,May 2018,IGO
78141e,B-1119,B789,Sep 2018,CHH
896539,A6-BNB,B789,Jul 2019,ETD
a254ff,N24988,B789,,UAL
781003,B-7839,B789,Aug 2016,CHH
872f7e,JA922A,B789,Jul 2019,ANA
ab7268,N837AN,B789,Aug 2018,AAL
86e7e6,JA874J,B789,Jul 2018,JAL
8015cd,VT-TSO,B789,Aug 2021,AIC
406f7b,G-ZBKO,B789,Sep 2016,BAW
485342,PH-BHH,B789,Aug 2016,KLM
86e7c4,JA873J,B789,Jun 2018,JAL
06a2f5,A7-BHR,B789,Mar 2024,QTR
a31a96,N29991,B789,,UAL
8965f5,A6-BNG,B789,Nov 2023,ETD
0d09e5,XA-ADC,B789,Nov 2016,AMX
c038ca,C-FVND,B789,Feb 2019,ACA
7380c9,4X-EDK,B789,Jun 2019,ELY
347643,EC-OEM,B789,Jan 2021,AEA
7812a1,B-1343,B789,Dec 2017,CHH
7c8065,VH-ZNB,B789,Nov 2017,QFA
8964be,A6-BLN,B789,Jun 2017,ETD
7c8071,VH-ZNN,B789,Nov 2020,QFA
7c806e,VH-ZNK,B789,Dec 2019,QFA
06a2e5,A7-BHB,B789,Sep 2019,QTR
896465,A6-BLG,B789,May 2016,ETD
86e7c4,JA873J,B789,Jun 2018,JAL
ab6ea5,N836AA,B789,Jul 2018,AAL
8880f6,VN-A866,B789,Dec 2015,HVN
06a2e7,A7-BHD,B789,Oct 2019,QTR
e8046c,CC-BGQ,B789,,TAM
8880f6,VN-A866,B789,Dec 2015,HVN
780c58,B-6969,B789,Apr 2017,CHH
70c0f9,A4O-SF,B789,May 2018,OMA
06a2f8,A7-BHU,B789,Apr 2025,QTR
406b48,G-VAHH,B789,Dec 2014,VIR
71ba07,HL7207,B789,Jul 2018,KAL
406b4a,G-VOOH,B789,Jan 2015,VIR
7811a4,B-1468,B789,Nov 2017,CCA
a14bdd,N183AM,B789,Nov 2016,AMX
06a2ec,A7-BHI,B789,Aug 2020,QTR
71c517,HL8517,B789,Jan 2018,APZ
86e778,JA871A,B789,Jun 2015,ANA
888129,VN-A869,B789,Sep 2016,HVN
0d0ed6,XA-DHN,B789,Feb 2023,AMX
71c345,HL8345,B789,Feb 2019,KAL
485344,PH-BHL,B789,Jul 2017,KLM
4bb19a,TC-LLZ,B789,Nov 2023,THY
06a2f9,A7-BHV,B789,Apr 2025,QTR
406f72,G-ZBKF,B789,Jan 2016,BAW
71ba08,HL7208,B789,Sep 2018,KAL
34615a,EC-NBM,B789,,AEA
71c393,HL8393,B789,Jun 2021,KAL
c02ed9,C-FRTG,B789,May 2017,ACA
a09fc4,N13954,B789,Mar 2015,UAL
a254d8,N24974,B789,Feb 2018,UAL
c0103e,C-FGDX,B789,Feb 2016,ACA
76bd49,9V-OJI,B789,Apr 2019,TGW
a31a54,N29975,B789,Jan 2020,UAL
4bb1a5,TC-LME,B789,Sep 2025,BOE
71c345,HL8345,B789,Feb 2019,KAL
4cae72,EI-UBN,B789,Feb 2019,MGL
c08509,C-GYJW,B789,,ACA
7380c2,4X-EDC,B789,Jan 2018,ELY
47b12e,LN-FNC,B789,May 2018,IGO
06a2f7,A7-BHT,B789,Feb 2025,QTR
a47fd9,N38950,B789,Jul 2014,UAL
88812a,VN-A870,B789,Oct 2016,HVN
ab9d9e,N848AN,B789,,AAL
71c084,HL8084,B789,Aug 2017,KAL
c038cc,C-FVNF,B789,Apr 2019,ACA
781437,B-1115,B789,Sep 2018,DKH
34558e,EC-MSZ,B789,Feb 2018,AEA
7380c6,4X-EDH,B789,Oct 2018,ELY
c820d2,ZK-NZF,B789,Sep 2014,ANZ
e80468,CC-BGP,B789,Dec 2019,TAM
896464,A6-BLF,B789,Mar 2016,ETD
86e82a,JA876J,B789,Jan 2019,JAL
a13de2,N17963,B789,Jan 2016,UAL
a43100,N36962,B789,Nov 2015,UAL
8964fa,A6-BLU,B789,Aug 2018,ETD
86e84c,JA877J,B789,Jan 2019,JAL
86eee4,JA893A,B789,Jul 2017,ANA
c01074,C-FGFZ,B789,Apr 2016,ACA
c06022,C-GKKN,B789,Jan 2020,WJA
4bb186,TC-LLF,B789,Aug 2019,THY
86eec2,JA892A,B789,Jun 2017,ANA
86e780,JA871J,B789,Nov 2017,JAL
406f78,G-ZBKL,B789,Jun 2016,BAW
86e496,JA866J,B789,Oct 2016,JAL
ab4732,N826AN,B789,May 2017,AAL
71002b,HZ-ARC,B789,Jan 2016,SVA
8015cd,VT-TSO,B789,Aug 2021,AIC
8733bc,JA937A,B789,Mar 2021,ANA
71c517,HL8517,B789,Jan 2018,APZ
8966c5,A6-BNJ,B789,Jul 2025,ETD
06a2fa,A7-BHW,B789,May 2025,QTR
86e84c,JA877J,B789,Jan 2019,JAL
06a2ee,A7-BHK,B789,Oct 2020,QTR
e80473,CC-BGX,B789,,TAM
407b04,G-CLSN,E190,Jan 2007,KLM
461e1d,OH-LKN,E190,Sep 2009,FIN
407b04,G-CLSN,E190,Jan 2007,KLM
00a11e,ZS-YAE,E190,Jul 2011,LNK
461e1f,OH-LKP,E190,Jan 2011,FIN
461e1a,OH-LKK,E190,Oct 2007,FIN
40650b,G-LCYO,E190,Jan 2011,CFE
485875,PH-EXY,E190,Feb 2018,KLM
00bf8a,ZS-YAZ,E190,Jan 2009,LNK
3c76ef,D-AMWO,E190,Jan 2008,KLM
461e15,OH-LKF,E190,Feb 2007,FIN
00b032,ZS-YZA,E190,,LNK
484c53,PH-EZO,E190,Mar 2010,KLM
0d0648,XA-DAC,E190,Jan 2011,SLI
7c2ad4,VH-IQU,E190,,JTE
7c68ad,VH-UYN,E190,Jan 2007,QLK
484b30,PH-EZC,E190,Jan 2009,KLM
39856d,F-HBLN,E190,Aug 2019,AFR
7c68ad,VH-UYN,E190,Jan 2007,QLK
406231,G-LCYL,E190,Jan 2010,CFE
0d03f4,XA-EAC,E190,Jan 2008,SLI
7c66dc,VH-ULQ,E190,Jan 2007,JTE
398566,F-HBLG,E190,Jan 2009,AFR
398578,F-HBLY,E190,,AFR
407b04,G-CLSN,E190,Jan 2007,KLM
484cc3,PH-EZS,E190,Aug 2010,KLM
398600,F-HBQA,E190,Nov 2013,AFR
461e1f,OH-LKP,E190,Jan 2011,FIN
7c03f5,VH-A2F,E190,Apr 2006,UTY
485207,PH-EXF,E190,Dec 2015,KLM
407777,G-LCAB,E190,Aug 2011,CFE
484cc2,PH-EZR,E190,Aug 2010,KLM
896061,A6-KAH,E190,,EJO
495217,CS-TPW,E190,May 2012,TAP
3c6d43,D-AKJC,E190,,KLM
48ad81,SP-LMB,E190,Dec 2018,LOT
3009b6,I-JENH,E190,,DLA
461e1b,OH-LKL,E190,Feb 2008,FIN
398600,F-HBQA,E190,Nov 2013,AFR
3009b4,I-JENF,E190,,DLA
484b31,PH-EZD,E190,Apr 2009,KLM
484129,P4-KCK,E190,Jan 2014,SHH
49521a,CS-TPZ,E190,Jan 2009,TAP
398579,F-HBLZ,E190,,AFR
398572,F-HBLS,E190,Jan 2009,AFR
7c7773,VH-XVP,E190,Jan 1994,QLK
4b19f3,HB-JVN,E190,Apr 2009,SWR
398564,F-HBLE,E190,Oct 2007,KLM
39856a,F-HBLK,E190,Dec 2018,AFR
39856b,F-HBLL,E190,May 2019,AFR
461e1d,OH-LKN,E190,Sep 2009,FIN
48ad85,SP-LMF,E190,Jan 2009,LOT
00ae88,ZS-YAU,E190,Jan 2010,LNK
46c28d,SX-PTM,E190,Jan 2008,AEZ
39856f,F-HBLP,E190,Dec 2019,AFR
00834c,ZS-YAF,E190,Jan 2009,LNK
398563,F-HBLD,E190,Apr 2007,AFR
398572,F-HBLS,E190,Jan 2009,AFR
485064,PH-EZY,E190,Oct 2013,KLM
0c434b,HI1090,E190,Jan 2007,SHH
495215,CS-TPU,E190,Nov 2011,TAP
3007f2,I-JENE,E190,,DLA
39856e,F-HBLO,E190,Sep 2019,AFR
406b6c,G-LCYS,E190,Mar 2014,CFE
3009b8,I-JENJ,E190,Sep 2010,DLA
00a11e,ZS-YAE,E190,Jul 2011,LNK
451cc1,LZ-PLO,E190,Oct 2012,ASL
484c50,PH-EZL,E190,Jan 2010,KLM
00ae82,ZS-YAO,E190,Jan 2011,LNK
009131,ZS-YAP,E190,Jan 2008,LNK
398566,F-HBLG,E190,Jan 2009,AFR
40658a,G-LCYP,E190,Jan 2011,CFE
008081,ZS-YAC,E190,Jan 2008,LNK
4b19f2,HB-JVM,E190,Apr 2010,SWR
451d85,LZ-SOF,E190,Feb 2012,ASL
484b31,PH-EZD,E190,Apr 2009,KLM
4075a2,G-LCYZ,E190,Jan 2010,CFE
7c68cc,VH-UZI,E190,Jan 1983,QLK
484c50,PH-EZL,E190,Jan 2010,KLM
4079d3,G-LCAH,E190,Jul 2012,CFE
7c68d4,VH-UZQ,E190,Jan 2008,QLK
7c68cb,VH-UZH,E190,Jan 2008,QLK
7c7773,VH-XVP,E190,Jan 1994,QLK
461e17,OH-LKH,E190,May 2007,FIN
4081e1,G-CMWI,E190,Feb 2014,KLM
3009b8,I-JENJ,E190,Sep 2010,DLA
48ad80,SP-LMA,E190,Dec 2018,LOT
7c7778,VH-XVU,E190,Jan 2007,QLK
485206,PH-EXE,E190,Nov 2015,KLM
484c52,PH-EZN,E190,Feb 2010,KLM
00a3bb,ZS-YAN,E190,Jan 2008,LNK
398561,F-HBLB,E190,Dec 2006,AFR
40799b,G-LCAC,E190,Jan 2012,CFE
484f80,PH-EZX,E190,Apr 2012,KLM
7c7526,VH-XFC,E190,Feb 2012,VOZ
00b031,ZS-YZC,E190,,LNK
39856c,F-HBLM,E190,Jul 2019,AFR
00b032,ZS-YZA,E190,,LNK
4075a2,G-LCYZ,E190,Jan 2010,CFE
398572,F-HBLS,E190,Jan 2009,AFR
a2da59,N283NN,E75L,Aug 2019,ENY
a33743,N306SY,E75L,,SKW
aa1ffc,N751YX,E75L,Aug 2017,RPA
a9e391,N736YX,E75L,Feb 2016,RPA
a36556,N318JE,E75L,,ENY
a9c380,N728YX,E75L,Sep 2015,RPA
a2a1a5,N269NN,E75L,Jan 2019,ENY
ac03ee,N87302,E75L,Mar 2014,ASH
a8a478,N656QX,E75L,,QXE
aa03a2,N744YX,E75L,Apr 2017,RPA
a82dfb,N626QX,E75L,May 2017,QXE
a314d9,N298SY,E75L,,SKW
a80e4e,N618UX,E75L,Aug 2019,SKW
a7df61,N606UX,E75L,Jun 2019,SKW
ac2b6c,N88301,E75L,Feb 2014,ASH
a379dd,N323ED,E75L,,ENY
a15c54,N187SY,E75L,Jan 2017,SKW
a1be72,N211NN,E75L,Aug 2015,ENY
a82dfb,N626QX,E75L,May 2017,QXE
a81bcc,N621UX,E75L,Sep 2019,SKW
ac045e,N87339,E75L,May 2016,ASH
a831b2,N627QX,E75L,Jul 2017,QXE
a174f7,N193SY,E75L,Sep 2017,SKW
a06e71,N127HQ,E75L,Jan 2008,RPA
a2d6a2,N282NN,E75L,Jul 2019,ENY
a1ed5f,N223NN,E75L,Dec 2015,ENY
a174f7,N193SY,E75L,Sep 2017,SKW
a8a478,N656QX,E75L,,QXE
a546c9,N439YX,E75L,Oct 2014,RPA
ac537f,N89349,E75L,May 2017,ASH
a20c44,N231AN,E75L,Apr 2016,ENY
a31122,N297SY,E75L,May 2019,SKW
a1dc2a,N219NN,E75L,Nov 2015,ENY
ac04c3,N87365,E75L,,SKW
a193aa,N200SY,E75L,Dec 2016,SKW
a28b5b,N263NN,E75L,Nov 2017,ENY
a831b2,N627QX,E75L,Jul 2017,QXE
a2ddac,N284JN,E75L,Sep 2019,ENY
a38641,N326SY,E75L,,SKW
ac2b8e,N88310,E75L,Sep 2014,ASH
a04424,N116SY,E75L,Jun 2014,SKW
a4e181,N413YX,E75L,Nov 2013,RPA
a2a7b5,N270NN,E75L,Jan 2019,ENY
a2644a,N253SY,E75L,Nov 2016,SKW
a9fc34,N742YX,E75L,Mar 2017,RPA
a1c5e0,N213NN,E75L,Sep 2015,ENY
a54312,N438YX,E75L,Sep 2014,RPA
a4f414,N418YX,E75L,Dec 2013,RPA
a247f0,N246SY,E75L,Oct 2016,SKW
a53f5b,N437YX,E75L,Sep 2014,RPA
ac2bd5,N88331,E75L,Dec 2015,ASH
a32f1b,N304KM,E75L,,ENY
a1d45a,N217JQ,E75L,Jan 2007,RPA
a1d4bc,N217NN,E75L,Oct 2015,ENY
a34fe6,N312SY,E75L,,SKW
a0b333,N144SY,E75L,May 2015,SKW
a9b85b,N725YX,E75L,Sep 2015,RPA
a9f87d,N741YX,E75L,Mar 2017,RPA
a25925,N250SY,E75L,Oct 2016,SKW
a8359c,N628SY,E75L,Jan 2024,SKW
a1cd4e,N215NN,E75L,Sep 2015,ENY
a6594f,N508SY,E75L,,SKW
aa52a0,N764YX,E75L,Aug 2023,RPA
ac2bb9,N88328,E75L,Jun 2015,ASH
abb5c9,N85369,E75L,,SKW
a1a986,N206NN,E75L,Jun 2015,ENY
48548c,PH-EXK,E75L,Jan 2017,KLM
ac04c5,N87367,E75L,,SKW
485814,PH-EXT,E75L,Jan 2018,KLM
aa477b,N761YX,E75L,,RPA
a196f3,N201NN,E75L,Feb 2015,ENY
a09a90,N138SY,E75L,Mar 2015,SKW
a087fd,N133SY,E75L,Jan 2015,SKW
a8c489,N664QX,E75L,,QXE
a37ed3,N324SY,E75L,,SKW
a2a1a5,N269NN,E75L,Jan 2019,ENY
a7e6cf,N608UX,E75L,Jan 2019,SKW
a34c68,N311VE,E75L,Dec 2023,ENY
a38641,N326SY,E75L,,SKW
a27a26,N259NN,E75L,Jul 2017,ENY
ac2bf8,N88341,E75L,Jan 2016,ASH
a87942,N645QX,E75L,Jan 2018,QXE
a1e5f1,N221NN,E75L,Nov 2015,ENY
a1460a,N181SY,E75L,Jun 2016,SKW
a335eb,N306DD,E75L,,ENY
aa328f,N756YX,E75L,,RPA
a2fad8,N291SY,E75L,Oct 2018,SKW
abb5a1,N85354,E75L,Aug 2017,ASH
a31890,N299SY,E75L,,SKW
a2bab6,N275SY,E75L,Jun 2018,SKW
48548c,PH-EXK,E75L,Jan 2017,KLM
a2c992,N279SY,E75L,Jan 2018,SKW
a35220,N313BS,E75L,,ENY
a105e8,N165SY,E75L,Oct 2016,SKW
a22b28,N239NN,E75L,Aug 2016,ENY
a34c68,N311VE,E75L,Dec 2023,ENY
a3900e,N329DD,E75L,,ENY
a9b4a4,N724YX,E75L,Aug 2015,RPA
a2b348,N273SY,E75L,Jun 2018,SKW
a06f5a,N127SY,E75L,Nov 2014,SKW
